Your name:Tianchen Wang
Your partner's name:Keyu Wu

---------------------------------------- Question 1 Query ---------------------------------------- 


football_db=# CREATE TABLE university(
football_db(# University_Name TEXT PRIMARY KEY,
football_db(# Date_Established DATE,
football_db(# Address TEXT,
football_db(# Student_Population INTEGER,
football_db(# Acceptance_Rate REAL
football_db(# );


---------------------------------------- Question 1 Results ---------------------------------------- 					

 university_name | date_established | address | student_population | acceptance_rate 
-----------------+------------------+---------+--------------------+-----------------
(0 rows)




---------------------------------------- Question 2 Query ---------------------------------------- 

football_db=# insert into university(University_Name, Date_Established, Address, Student_Population, Acceptance_Rate)values('CU Boulder',to_date('1876','YYYY'),'1100 28th St, Boulder, CO 80303',35000,0.8);


---------------------------------------- Question 2 Results ---------------------------------------- 					

 university_name | date_established |             address             | student_population | acceptance_rate 
-----------------+------------------+---------------------------------+--------------------+-----------------
 CU Boulder      | 1876-01-01       | 1100 28th St, Boulder, CO 80303 |              35000 |             0.8
(1 row)



---------------------------------------- Question 3 Query ---------------------------------------- 

select name, major from football_players order by major;


---------------------------------------- Question 3 Results ---------------------------------------- 					

       name        | major 
-------------------+-------
 Cedric Vega       | ARTS
 Wade Farmer       | ARTS
 Erick Graves      | ARTS
 Jared Castillo    | ARTS
 Doyle Huff        | CSCI
 Myron Walters     | CSCI
 Charles Porter    | CSCI
 Melba Pope        | MATH
 Rafael Boreous    | MATH
 Javier Washington | MATH
(10 rows)


---------------------------------------- Question 4 Query ---------------------------------------- 

select name, rushing_yards from football_players where rushing_yards >= 70;


---------------------------------------- Question 4 Results ---------------------------------------- 					

      name      | rushing_yards 
----------------+---------------
 Erick Graves   |            78
 Charles Porter |           102
 Rafael Boreous |           111
 Jared Castillo |           113
(4 rows)
	


---------------------------------------- Question 5 Query ---------------------------------------- 

select * from football_games where visitor_name = 'Nebraska';

---------------------------------------- Question 5 Results ---------------------------------------- 					

 visitor_name | home_score | visitor_score | game_date  |   players   
--------------+------------+---------------+------------+-------------
 Nebraska     |         33 |            28 | 2018-09-08 | {2,3,4,5,6}
(1 row)
	


---------------------------------------- Question 6 Query ---------------------------------------- 

select * from football_games  where home_score > visitor_score;

---------------------------------------- Question 6 Results ---------------------------------------- 					

  visitor_name  | home_score | visitor_score | game_date  |   players   
----------------+------------+---------------+------------+-------------
 Colorado State |         45 |            13 | 2018-08-31 | {1,2,3,4,5}
 Nebraska       |         33 |            28 | 2018-09-08 | {2,3,4,5,6}
 New Hampshire  |         45 |            14 | 2018-09-15 | {3,4,5,6,7}
 UCLA           |         38 |            16 | 2018-09-28 | {4,5,6,7,8}
 Arizona State  |         28 |            21 | 2018-10-06 | {5,6,7,8,9}
(5 rows)


---------------------------------------- Question 7 Query ---------------------------------------- 

select visitor_name, game_date from football_games where game_date > '20180101' and game_date < '20190101';

---------------------------------------- Question 7 Results ---------------------------------------- 					

    visitor_name     | game_date  
---------------------+------------
 Colorado State      | 2018-08-31
 Nebraska            | 2018-09-08
 New Hampshire       | 2018-09-15
 UCLA                | 2018-09-28
 Arizona State       | 2018-10-06
 Southern California | 2018-10-13
 Washington          | 2018-10-20
 Oregon State        | 2018-10-27
 Arizona             | 2018-11-02
 Washington State    | 2018-11-10
 Utah                | 2018-11-17
 California          | 2018-11-24
(12 rows)
	


---------------------------------------- Question 8 Query ---------------------------------------- 

football_db=# CREATE VIEW winning_games AS
football_db-# SELECT COUNT(*) AS "wins" FROM football_games WHERE home_score > visitor_score;
CREATE VIEW



---------------------------------------- Question 8 Results ---------------------------------------- 					

 count 
-------
     5
(1 row)	


---------------------------------------- Question 9 Query ---------------------------------------- 

football_db=# CREATE VIEW games_played AS
football_db-# SELECT COUNT(*) AS "games" FROM football_games;



---------------------------------------- Question 9 Results ---------------------------------------- 					

 count 
-------
    12
(1 row)
	

---------------------------------------- Question 10 Query ---------------------------------------- 

SELECT CAST((wins) as float) / CAST((games) as float) as percentage from games_played, winning_games;

---------------------------------------- Question 10 Results ---------------------------------------- 					

    percentage     
-------------------
 0.416666666666667
(1 row)
	


---------------------------------------- Question 11 Query ---------------------------------------- 


SELECT COUNT (*) FROM football_games WHERE (SELECT id FROM football_players WHERE name = 'Cedric Vega')=any(players);


---------------------------------------- Question 11 Results ---------------------------------------- 					

 plays 
-------
     6
(1 row)	


---------------------------------------- Question 12 Query ---------------------------------------- 

football_db=# CREATE VIEW avg AS
football_db-# SELECT COUNT (*) AS total FROM football_games WHERE (SELECT id FROM football_players WHERE name = 'Cedric Vega')=any(players);
football_db=# SELECT CAST((football_players.rushing_yards) as float) / CAST((avg.total) as float) as avg_rush_yards from football_players, avg where football_players.id = '1';



---------------------------------------- Question 12 Results ---------------------------------------- 					

  avg_rush_yards  
------------------
 4.16666666666667
(1 row)

